series,obs,start,end,ready_190,ready_220,ready_252
KOSPI200,664,2024-01-02,2026-09-30,True,True,True
semiconductor,664,2024-01-02,2026-09-30,True,True,True
auto,664,2024-01-02,2026-09-30,True,True,True
battery,664,2024-01-02,2026-09-30,True,True,True
bio_health,664,2024-01-02,2026-09-30,True,True,True
financial,664,2024-01-02,2026-09-30,True,True,True
shipbuilding,664,2024-01-02,2026-09-30,True,True,True
steel_materials,664,2024-01-02,2026-09-30,True,True,True
consumer,664,2024-01-02,2026-09-30,True,True,True
media_platform,664,2024-01-02,2026-09-30,True,True,True
construction,664,2024-01-02,2026-09-30,True,True,True
biosimilar_cdmo,427,2024-12-24,2026-09-30,True,True,True
k_beauty,581,2024-05-07,2026-09-30,True,True,True
k_food,664,2024-01-02,2026-09-30,True,True,True
TIP,689,2024-01-02,2026-09-30,True,True,True
