date,ticker,open,high,low,close,adj_close,volume
2024-01-02,117680.KS,9750.0,9750.0,9550.0,9635.0,8948.0654296875,104840
2024-01-03,117680.KS,9565.0,9565.0,9375.0,9375.0,8706.6025390625,54119
2024-01-04,117680.KS,9330.0,9370.0,9275.0,9320.0,8655.5234375,68615
2024-01-05,117680.KS,9370.0,9455.0,9310.0,9440.0,8766.96875,28348
2024-01-08,117680.KS,9445.0,9445.0,9300.0,9325.0,8660.1669921875,11127
2024-01-09,117680.KS,9385.0,9395.0,9245.0,9270.0,8609.087890625,32182
2024-01-10,117680.KS,9255.0,9270.0,9155.0,9170.0,8516.2177734375,41591
2024-01-11,117680.KS,9170.0,9250.0,9105.0,9150.0,8497.6435546875,65734
2024-01-12,117680.KS,9150.0,9150.0,9005.0,9025.0,8381.5556640625,31711
2024-01-15,117680.KS,9005.0,9015.0,8940.0,8950.0,8311.90234375,19622
2024-01-16,117680.KS,8945.0,9005.0,8870.0,8915.0,8279.3994140625,12786
2024-01-17,117680.KS,8940.0,8940.0,8695.0,8695.0,8075.08349609375,16645
2024-01-19,117680.KS,8675.0,8755.0,8605.0,8665.0,8047.22216796875,39920
2024-01-22,117680.KS,8705.0,8705.0,8510.0,8550.0,7940.421875,31891
2024-01-23,117680.KS,8550.0,8625.0,8525.0,8610.0,7996.14404296875,66114
2024-01-24,117680.KS,8610.0,8615.0,8495.0,8570.0,7958.99560546875,38774
2024-01-25,117680.KS,8555.0,8635.0,8430.0,8605.0,7991.50048828125,20304
2024-01-26,117680.KS,8535.0,8750.0,8510.0,8710.0,8089.0146484375,33553
2024-01-29,117680.KS,8760.0,9000.0,8695.0,8940.0,8302.6162109375,80402
2024-01-30,117680.KS,9030.0,9100.0,8880.0,8905.0,8270.1123046875,56697
2024-01-31,117680.KS,8830.0,8935.0,8810.0,8815.0,8186.5283203125,51678
2024-02-01,117680.KS,8730.0,9035.0,8730.0,8990.0,8349.0517578125,105887
2024-02-02,117680.KS,9020.0,9185.0,9020.0,9175.0,8520.861328125,79420
2024-02-05,117680.KS,9135.0,9135.0,8930.0,9110.0,8460.4951171875,24045
2024-02-06,117680.KS,9050.0,9075.0,8930.0,8955.0,8316.546875,19975
2024-02-07,117680.KS,9050.0,9230.0,9050.0,9230.0,8571.9404296875,51974
2024-02-08,117680.KS,9245.0,9305.0,9185.0,9205.0,8548.72265625,38190
2024-02-13,117680.KS,9275.0,9275.0,9155.0,9210.0,8553.3662109375,25146
2024-02-14,117680.KS,9095.0,9150.0,9025.0,9130.0,8479.0693359375,28402
2024-02-15,117680.KS,9195.0,9210.0,9120.0,9145.0,8493.0009765625,11756
2024-02-16,117680.KS,9245.0,9450.0,9245.0,9400.0,8729.8203125,90332
2024-02-19,117680.KS,9400.0,9565.0,9400.0,9530.0,8850.5517578125,70903
2024-02-20,117680.KS,9520.0,9595.0,9390.0,9505.0,8827.333984375,31277
2024-02-21,117680.KS,9505.0,9640.0,9470.0,9565.0,8883.056640625,27441
2024-02-22,117680.KS,9585.0,9620.0,9480.0,9495.0,8818.0478515625,23402
2024-02-23,117680.KS,9500.0,9530.0,9400.0,9460.0,8785.5439453125,50858
2024-02-26,117680.KS,9495.0,9500.0,9375.0,9405.0,8734.4638671875,35907
2024-02-27,117680.KS,9450.0,9450.0,9295.0,9305.0,8641.5927734375,20831
2024-02-28,117680.KS,9265.0,9385.0,9265.0,9385.0,8715.8896484375,32182
2024-02-29,117680.KS,9350.0,9360.0,9280.0,9330.0,8664.8115234375,19204
2024-03-04,117680.KS,9330.0,9400.0,9305.0,9325.0,8660.1669921875,55599
2024-03-05,117680.KS,9270.0,9355.0,9200.0,9210.0,8553.3662109375,31174
2024-03-06,117680.KS,9175.0,9185.0,9065.0,9100.0,8451.208984375,27277
2024-03-07,117680.KS,9155.0,9215.0,9100.0,9130.0,8479.0693359375,27388
2024-03-08,117680.KS,9230.0,9305.0,9180.0,9240.0,8581.2275390625,28600
2024-03-11,117680.KS,9210.0,9210.0,9090.0,9120.0,8469.7841796875,11567
2024-03-12,117680.KS,9165.0,9230.0,9110.0,9215.0,8558.009765625,23816
2024-03-13,117680.KS,9255.0,9255.0,9105.0,9115.0,8465.138671875,20607
2024-03-14,117680.KS,9155.0,9220.0,9130.0,9130.0,8479.0693359375,18923
2024-03-15,117680.KS,9130.0,9130.0,9040.0,9055.0,8409.4169921875,16156
2024-03-18,117680.KS,9085.0,9160.0,9055.0,9135.0,8483.7138671875,8629
2024-03-19,117680.KS,9170.0,9170.0,9035.0,9075.0,8427.9912109375,19792
2024-03-20,117680.KS,9120.0,9120.0,8995.0,9010.0,8367.626953125,23623
2024-03-21,117680.KS,9050.0,9130.0,9050.0,9100.0,8451.208984375,36543
2024-03-22,117680.KS,9085.0,9125.0,9055.0,9080.0,8432.634765625,24700
2024-03-25,117680.KS,9140.0,9205.0,9090.0,9115.0,8465.138671875,26746
2024-03-26,117680.KS,9195.0,9200.0,9085.0,9105.0,8455.8525390625,32648
2024-03-27,117680.KS,9100.0,9155.0,9075.0,9120.0,8469.7841796875,17414
2024-03-28,117680.KS,9165.0,9165.0,9020.0,9025.0,8381.5556640625,21194
2024-03-29,117680.KS,9025.0,9025.0,8935.0,8970.0,8330.4775390625,27905
2024-04-01,117680.KS,9055.0,9055.0,8940.0,8970.0,8330.4775390625,17608
2024-04-02,117680.KS,9005.0,9005.0,8875.0,8875.0,8242.25,17013
2024-04-03,117680.KS,8820.0,8870.0,8720.0,8735.0,8112.2314453125,26160
2024-04-04,117680.KS,8805.0,8895.0,8750.0,8890.0,8256.1806640625,35194
2024-04-05,117680.KS,8840.0,8840.0,8750.0,8750.0,8126.162109375,19464
2024-04-08,117680.KS,8815.0,8815.0,8590.0,8795.0,8167.95361328125,37090
2024-04-09,117680.KS,8795.0,8965.0,8795.0,8910.0,8274.7548828125,29900
2024-04-11,117680.KS,8875.0,8985.0,8815.0,8910.0,8274.7548828125,29812
2024-04-12,117680.KS,8915.0,8950.0,8815.0,8855.0,8223.6767578125,10289
2024-04-15,117680.KS,8810.0,8880.0,8755.0,8845.0,8214.3896484375,10910
2024-04-16,117680.KS,8845.0,8845.0,8670.0,8670.0,8051.86669921875,20270
2024-04-17,117680.KS,8685.0,8715.0,8600.0,8620.0,8005.4306640625,14301
2024-04-18,117680.KS,8735.0,9035.0,8735.0,8855.0,8223.6767578125,97527
2024-04-19,117680.KS,8840.0,8840.0,8660.0,8780.0,8154.02392578125,79445
2024-04-22,117680.KS,8945.0,8945.0,8800.0,8850.0,8219.033203125,13327
2024-04-23,117680.KS,8895.0,8910.0,8775.0,8805.0,8177.24072265625,11011
2024-04-24,117680.KS,8860.0,8865.0,8780.0,8825.0,8195.814453125,4540
2024-04-25,117680.KS,8815.0,8830.0,8720.0,8755.0,8130.80615234375,14938
2024-04-26,117680.KS,8805.0,8805.0,8730.0,8780.0,8154.02392578125,12268
2024-04-29,117680.KS,8655.0,8865.0,8625.0,8860.0,8400.541015625,29124
2024-04-30,117680.KS,8905.0,8910.0,8810.0,8820.0,8362.6142578125,38045
2024-05-02,117680.KS,8820.0,8860.0,8750.0,8750.0,8296.24609375,12671
2024-05-03,117680.KS,8820.0,8850.0,8755.0,8835.0,8376.8369140625,10920
2024-05-07,117680.KS,8910.0,8945.0,8875.0,8900.0,8438.4658203125,26837
2024-05-08,117680.KS,8930.0,8955.0,8890.0,8950.0,8485.8720703125,15358
2024-05-09,117680.KS,8960.0,8980.0,8880.0,8880.0,8419.50390625,22940
2024-05-10,117680.KS,8975.0,8975.0,8870.0,8900.0,8438.4658203125,11798
2024-05-13,117680.KS,8985.0,8985.0,8860.0,8875.0,8414.7626953125,9312
2024-05-14,117680.KS,8980.0,9025.0,8955.0,8975.0,8509.5771484375,26231
2024-05-16,117680.KS,9075.0,9115.0,8990.0,9090.0,8618.61328125,52022
2024-05-17,117680.KS,9070.0,9070.0,8940.0,8970.0,8504.8359375,20961
2024-05-20,117680.KS,9070.0,9125.0,9025.0,9090.0,8618.61328125,46462
2024-05-21,117680.KS,9105.0,9125.0,8945.0,8955.0,8490.6142578125,19641
2024-05-22,117680.KS,8985.0,8985.0,8870.0,8890.0,8428.984375,16047
2024-05-23,117680.KS,8790.0,8790.0,8650.0,8730.0,8277.2822265625,40279
2024-05-24,117680.KS,8630.0,8705.0,8565.0,8690.0,8239.35546875,43847
2024-05-27,117680.KS,8695.0,8810.0,8585.0,8800.0,8343.65234375,20667
2024-05-28,117680.KS,8815.0,8815.0,8685.0,8710.0,8258.3193359375,28621
2024-05-29,117680.KS,8700.0,8715.0,8620.0,8630.0,8182.4677734375,36175
2024-05-30,117680.KS,8590.0,8610.0,8515.0,8545.0,8101.87548828125,29028
2024-05-31,117680.KS,8585.0,8615.0,8505.0,8600.0,8154.02392578125,31231
2024-06-03,117680.KS,8650.0,8650.0,8545.0,8575.0,8130.3203125,58971
2024-06-04,117680.KS,8535.0,8570.0,8515.0,8550.0,8106.61669921875,15340
2024-06-05,117680.KS,8570.0,8710.0,8540.0,8610.0,8163.505859375,48075
2024-06-07,117680.KS,8655.0,8685.0,8610.0,8645.0,8196.6904296875,43792
2024-06-10,117680.KS,8620.0,8620.0,8520.0,8595.0,8149.28271484375,20617
2024-06-11,117680.KS,8610.0,8695.0,8585.0,8695.0,8244.09765625,16095
2024-06-12,117680.KS,8665.0,8675.0,8560.0,8615.0,8168.24560546875,30681
2024-06-13,117680.KS,8660.0,8700.0,8610.0,8610.0,8163.505859375,32778
2024-06-14,117680.KS,8590.0,8590.0,8445.0,8470.0,8030.76513671875,32776
2024-06-17,117680.KS,8470.0,8535.0,8440.0,8465.0,8026.0244140625,17979
2024-06-18,117680.KS,8465.0,8490.0,8405.0,8420.0,7983.35791015625,29108
2024-06-19,117680.KS,8455.0,8515.0,8380.0,8485.0,8044.98681640625,34467
2024-06-20,117680.KS,8530.0,8635.0,8515.0,8570.0,8125.57958984375,23245
2024-06-21,117680.KS,8570.0,8665.0,8535.0,8555.0,8111.357421875,13093
2024-06-24,117680.KS,8575.0,8615.0,8445.0,8460.0,8021.28369140625,20590
2024-06-25,117680.KS,8530.0,8555.0,8455.0,8505.0,8063.9501953125,15634
2024-06-26,117680.KS,8515.0,8525.0,8450.0,8500.0,8059.20849609375,9087
2024-06-27,117680.KS,8530.0,8565.0,8485.0,8540.0,8097.134765625,9267
2024-06-28,117680.KS,8545.0,8550.0,8465.0,8535.0,8092.39404296875,10154
2024-07-01,117680.KS,8520.0,8605.0,8460.0,8595.0,8149.28271484375,23224
2024-07-02,117680.KS,8595.0,8595.0,8470.0,8495.0,8054.46875,12589
2024-07-03,117680.KS,8540.0,8615.0,8480.0,8510.0,8068.6904296875,19569
2024-07-04,117680.KS,8540.0,8635.0,8540.0,8635.0,8187.20849609375,39351
2024-07-05,117680.KS,8660.0,8660.0,8575.0,8580.0,8135.06103515625,22991
2024-07-08,117680.KS,8600.0,8640.0,8580.0,8630.0,8182.4677734375,10576
2024-07-09,117680.KS,8650.0,8650.0,8585.0,8595.0,8149.28271484375,6122
2024-07-10,117680.KS,8590.0,8590.0,8515.0,8550.0,8106.61669921875,19949
2024-07-11,117680.KS,8600.0,8695.0,8550.0,8695.0,8244.09765625,56918
2024-07-12,117680.KS,8695.0,8725.0,8615.0,8705.0,8253.5791015625,50197
2024-07-15,117680.KS,8740.0,8770.0,8660.0,8660.0,8210.912109375,34344
2024-07-16,117680.KS,8665.0,8665.0,8520.0,8525.0,8082.9130859375,31513
2024-07-17,117680.KS,8545.0,8560.0,8465.0,8475.0,8035.505859375,16932
2024-07-18,117680.KS,8515.0,8515.0,8290.0,8340.0,7907.5068359375,44343
2024-07-19,117680.KS,8285.0,8335.0,8210.0,8335.0,7902.76611328125,57112
2024-07-22,117680.KS,8330.0,8330.0,8140.0,8165.0,7741.58154296875,17522
2024-07-23,117680.KS,8200.0,8210.0,8060.0,8070.0,7651.50830078125,21500
2024-07-24,117680.KS,8030.0,8055.0,7875.0,7885.0,7476.10205078125,37478
2024-07-25,117680.KS,7750.0,7900.0,7730.0,7825.0,7419.2138671875,13346
2024-07-26,117680.KS,7825.0,7970.0,7810.0,7870.0,7461.87939453125,14281
2024-07-29,117680.KS,7895.0,7945.0,7800.0,7920.0,7509.287109375,35019
2024-07-30,117680.KS,7910.0,7910.0,7835.0,7845.0,7438.17626953125,2996
2024-07-31,117680.KS,7900.0,7900.0,7770.0,7835.0,7428.69482421875,7048
2024-08-01,117680.KS,7875.0,7985.0,7840.0,7920.0,7509.287109375,13787
2024-08-02,117680.KS,7845.0,7845.0,7655.0,7705.0,7305.43603515625,23186
2024-08-05,117680.KS,7570.0,7645.0,6820.0,6990.0,6627.51513671875,43614
2024-08-06,117680.KS,7385.0,7445.0,7105.0,7245.0,6869.291015625,38759
2024-08-07,117680.KS,7165.0,7410.0,7130.0,7395.0,7011.51220703125,103123
2024-08-08,117680.KS,7350.0,7400.0,7235.0,7330.0,6949.8828125,27226
2024-08-09,117680.KS,7410.0,7485.0,7400.0,7465.0,7077.88232421875,37851
2024-08-12,117680.KS,7470.0,7540.0,7460.0,7530.0,7139.51123046875,5621
2024-08-13,117680.KS,7530.0,7550.0,7415.0,7450.0,7063.65966796875,18738
2024-08-14,117680.KS,7545.0,7590.0,7520.0,7590.0,7196.39990234375,9456
2024-08-16,117680.KS,7690.0,7690.0,7605.0,7625.0,7229.5849609375,14659
2024-08-19,117680.KS,7670.0,7670.0,7535.0,7570.0,7177.43701171875,3255
2024-08-20,117680.KS,7580.0,7645.0,7565.0,7635.0,7239.06640625,3213
2024-08-21,117680.KS,7685.0,7700.0,7610.0,7680.0,7281.732421875,16224
2024-08-22,117680.KS,7710.0,7760.0,7690.0,7750.0,7348.1025390625,18239
2024-08-23,117680.KS,7735.0,7765.0,7690.0,7730.0,7329.14013671875,5607
2024-08-26,117680.KS,7705.0,7815.0,7705.0,7805.0,7400.25,12368
2024-08-28,117680.KS,7890.0,7890.0,7720.0,7755.0,7352.84326171875,12254
2024-08-29,117680.KS,7775.0,7850.0,7700.0,7850.0,7442.91748046875,10642
2024-08-30,117680.KS,7850.0,7880.0,7765.0,7785.0,7381.28759765625,5098
2024-09-02,117680.KS,7800.0,8030.0,7785.0,7990.0,7575.65673828125,45685
2024-09-03,117680.KS,8040.0,8145.0,7995.0,8085.0,7665.73046875,14085
2024-09-04,117680.KS,7855.0,7915.0,7765.0,7790.0,7386.0283203125,48999
2024-09-05,117680.KS,7850.0,7890.0,7660.0,7725.0,7324.39892578125,13933
2024-09-06,117680.KS,7785.0,7785.0,7515.0,7550.0,7158.47412109375,30019
2024-09-09,117680.KS,7450.0,7490.0,7325.0,7410.0,7025.73486328125,12593
2024-09-10,117680.KS,7530.0,7530.0,7440.0,7465.0,7077.88232421875,2247
2024-09-11,117680.KS,7535.0,7605.0,7455.0,7565.0,7172.6962890625,78000
2024-09-12,117680.KS,7620.0,7750.0,7505.0,7750.0,7348.1025390625,41599
2024-09-13,117680.KS,8105.0,8300.0,8100.0,8200.0,7774.7666015625,99722
2024-09-19,117680.KS,8290.0,8370.0,8150.0,8330.0,7898.02490234375,165850
2024-09-20,117680.KS,8450.0,8585.0,8430.0,8525.0,8082.9130859375,185700
2024-09-23,117680.KS,8500.0,8515.0,8350.0,8445.0,8007.0615234375,131672
2024-09-24,117680.KS,8450.0,8605.0,8405.0,8580.0,8135.06103515625,588998
2024-09-25,117680.KS,8625.0,8760.0,8575.0,8625.0,8177.7275390625,382674
2024-09-26,117680.KS,8735.0,8795.0,8635.0,8765.0,8310.466796875,767588
2024-09-27,117680.KS,8820.0,8950.0,8765.0,8900.0,8438.4658203125,323804
2024-09-30,117680.KS,8895.0,8955.0,8735.0,8760.0,8305.7255859375,878359
2024-10-02,117680.KS,8610.0,9165.0,8610.0,8740.0,8286.763671875,801027
2024-10-04,117680.KS,8820.0,8990.0,8750.0,8900.0,8438.4658203125,1323807
2024-10-07,117680.KS,8895.0,9145.0,8895.0,9140.0,8666.0205078125,98550
2024-10-08,117680.KS,9100.0,9255.0,9010.0,9185.0,8708.685546875,1161019
2024-10-10,117680.KS,9205.0,9215.0,9040.0,9095.0,8623.3544921875,978980
2024-10-11,117680.KS,9230.0,9275.0,9035.0,9040.0,8571.2060546875,1081921
2024-10-14,117680.KS,9005.0,9135.0,8920.0,8980.0,8514.318359375,808727
2024-10-15,117680.KS,9030.0,9140.0,8940.0,9015.0,8547.5029296875,470469
2024-10-16,117680.KS,9015.0,9015.0,8920.0,8965.0,8500.095703125,15471
2024-10-17,117680.KS,9015.0,9120.0,8870.0,8890.0,8428.984375,30984
2024-10-18,117680.KS,8825.0,8970.0,8825.0,8970.0,8504.8359375,50979
2024-10-21,117680.KS,8980.0,9200.0,8730.0,9070.0,8599.650390625,284398
2024-10-22,117680.KS,9005.0,9140.0,8945.0,9015.0,8547.5029296875,29854
2024-10-23,117680.KS,9065.0,9200.0,9000.0,9170.0,8694.46484375,49328
2024-10-24,117680.KS,9095.0,10300.0,9095.0,10100.0,9576.236328125,524945
2024-10-25,117680.KS,10375.0,10980.0,10050.0,10235.0,9704.2353515625,626563
2024-10-28,117680.KS,10360.0,10855.0,10260.0,10545.0,9998.16015625,286672
2024-10-29,117680.KS,10495.0,10980.0,10495.0,10945.0,10377.416015625,148921
2024-10-31,117680.KS,9260.0,9905.0,9150.0,9790.0,9282.3115234375,170805
2024-11-01,117680.KS,9640.0,9850.0,9575.0,9690.0,9187.4990234375,41538
2024-11-04,117680.KS,9725.0,10035.0,9565.0,9985.0,9467.2001953125,25201
2024-11-06,117680.KS,10350.0,10490.0,9975.0,10030.0,9509.8671875,42662
2024-11-07,117680.KS,9950.0,10160.0,9910.0,10100.0,9576.236328125,16880
2024-11-08,117680.KS,10085.0,10280.0,9565.0,9860.0,9348.6826171875,31334
2024-11-11,117680.KS,9630.0,9740.0,9360.0,9585.0,9087.9443359375,37315
2024-11-12,117680.KS,9505.0,9710.0,9395.0,9415.0,8926.759765625,14814
2024-11-13,117680.KS,9400.0,9620.0,8700.0,8820.0,8362.6142578125,44697
2024-11-14,117680.KS,8775.0,8930.0,8700.0,8865.0,8405.28125,27398
2024-11-15,117680.KS,8750.0,8750.0,8535.0,8660.0,8210.912109375,22759
2024-11-18,117680.KS,8600.0,8880.0,8600.0,8800.0,8343.65234375,8563
2024-11-19,117680.KS,8800.0,8845.0,8730.0,8800.0,8343.65234375,10530
2024-11-20,117680.KS,8710.0,8860.0,8710.0,8855.0,8395.7998046875,5947
2024-11-21,117680.KS,8740.0,8860.0,8710.0,8750.0,8296.24609375,9933
2024-11-22,117680.KS,8745.0,8795.0,8675.0,8710.0,8258.3193359375,3492
2024-11-25,117680.KS,8585.0,8795.0,8585.0,8675.0,8225.134765625,6351
2024-11-26,117680.KS,8665.0,8705.0,8600.0,8700.0,8248.837890625,10880
2024-11-27,117680.KS,8665.0,8925.0,8665.0,8875.0,8414.7626953125,44288
2024-11-28,117680.KS,8840.0,9300.0,8840.0,9225.0,8746.6123046875,35800
2024-11-29,117680.KS,9185.0,9195.0,9000.0,9000.0,8533.2802734375,18809
2024-12-02,117680.KS,9195.0,10110.0,9195.0,9530.0,9035.794921875,195163
2024-12-03,117680.KS,9635.0,10170.0,9590.0,9940.0,9424.533203125,106628
2024-12-04,117680.KS,9975.0,10315.0,9945.0,10165.0,9637.8662109375,44291
2024-12-05,117680.KS,10225.0,10690.0,10160.0,10690.0,10135.6416015625,74944
2024-12-06,117680.KS,11005.0,11580.0,10090.0,10220.0,9690.013671875,197688
2024-12-09,117680.KS,10095.0,10265.0,9335.0,9360.0,8874.611328125,83632
2024-12-10,117680.KS,9335.0,9965.0,9335.0,9965.0,9448.2373046875,65579
2024-12-11,117680.KS,9955.0,9955.0,9685.0,9705.0,9201.720703125,21756
2024-12-12,117680.KS,9770.0,9770.0,9500.0,9675.0,9173.2763671875,17896
2024-12-13,117680.KS,9625.0,9740.0,9480.0,9480.0,8988.3896484375,18215
2024-12-16,117680.KS,9540.0,9675.0,9410.0,9410.0,8922.0185546875,21523
2024-12-17,117680.KS,9490.0,9490.0,9200.0,9200.0,8722.9091796875,25181
2024-12-18,117680.KS,9200.0,9385.0,9200.0,9310.0,8827.2041015625,12806
2024-12-19,117680.KS,9170.0,9300.0,9080.0,9155.0,8680.2421875,9175
2024-12-20,117680.KS,9095.0,9140.0,8940.0,8940.0,8476.392578125,3257
2024-12-23,117680.KS,8945.0,9285.0,8945.0,9255.0,8775.0556640625,6977
2024-12-24,117680.KS,9415.0,9455.0,9250.0,9250.0,8770.31640625,8040
2024-12-26,117680.KS,9350.0,9420.0,9255.0,9300.0,8817.72265625,11133
2024-12-27,117680.KS,9185.0,9245.0,8820.0,8840.0,8381.5771484375,23601
2024-12-30,117680.KS,8830.0,9080.0,8810.0,8935.0,8471.6513671875,9851
2025-01-02,117680.KS,8935.0,8935.0,8805.0,8860.0,8400.541015625,4127
2025-01-03,117680.KS,8850.0,9115.0,8850.0,9090.0,8618.61328125,20647
2025-01-06,117680.KS,9090.0,9135.0,9010.0,9135.0,8661.279296875,12016
2025-01-07,117680.KS,9140.0,9250.0,9100.0,9250.0,8770.31640625,11175
2025-01-08,117680.KS,9250.0,9250.0,9065.0,9165.0,8689.724609375,22095
2025-01-09,117680.KS,9165.0,9210.0,9080.0,9210.0,8732.3896484375,5718
2025-01-10,117680.KS,9230.0,9235.0,9080.0,9180.0,8703.9453125,17911
2025-01-13,117680.KS,9155.0,9155.0,8980.0,9015.0,8547.5029296875,37029
2025-01-14,117680.KS,8980.0,9085.0,8945.0,9070.0,8599.650390625,17479
2025-01-15,117680.KS,9125.0,9125.0,8965.0,8995.0,8528.5390625,10015
2025-01-16,117680.KS,9130.0,9145.0,9035.0,9120.0,8647.0576171875,7834
2025-01-17,117680.KS,9135.0,9230.0,9050.0,9120.0,8647.0576171875,13182
2025-01-20,117680.KS,9250.0,9390.0,9220.0,9380.0,8893.57421875,81460
2025-01-21,117680.KS,9405.0,9450.0,9160.0,9170.0,8694.46484375,29970
2025-01-22,117680.KS,9155.0,9270.0,9145.0,9265.0,8784.537109375,37596
2025-01-23,117680.KS,9260.0,9260.0,9025.0,9025.0,8556.9833984375,18432
2025-01-24,117680.KS,9040.0,9275.0,8990.0,9230.0,8751.3525390625,16984
2025-01-31,117680.KS,9295.0,9340.0,9110.0,9185.0,8708.685546875,24153
2025-02-03,117680.KS,9015.0,9015.0,8740.0,8780.0,8324.689453125,30874
2025-02-04,117680.KS,8780.0,8860.0,8770.0,8780.0,8324.689453125,19840
2025-02-05,117680.KS,8835.0,8865.0,8790.0,8790.0,8334.1708984375,5935
2025-02-06,117680.KS,8850.0,8885.0,8840.0,8845.0,8386.318359375,5357
2025-02-07,117680.KS,8845.0,8970.0,8845.0,8845.0,8386.318359375,5542
2025-02-10,117680.KS,8650.0,8775.0,8635.0,8735.0,8282.0224609375,17963
2025-02-11,117680.KS,8735.0,8830.0,8705.0,8715.0,8263.060546875,31413
2025-02-12,117680.KS,8860.0,8860.0,8680.0,8690.0,8239.35546875,15379
2025-02-13,117680.KS,8665.0,8950.0,8665.0,8935.0,8471.6513671875,25826
2025-02-14,117680.KS,9035.0,9145.0,8965.0,9135.0,8661.279296875,55420
2025-02-17,117680.KS,9145.0,9290.0,9075.0,9270.0,8789.279296875,22718
2025-02-18,117680.KS,9270.0,9320.0,9215.0,9265.0,8784.537109375,39769
2025-02-19,117680.KS,9310.0,9500.0,9280.0,9455.0,8964.685546875,41319
2025-02-20,117680.KS,9520.0,9725.0,9425.0,9700.0,9196.98046875,56773
2025-02-21,117680.KS,10000.0,10175.0,9880.0,9940.0,9424.533203125,151990
2025-02-24,117680.KS,9895.0,9985.0,9850.0,9945.0,9429.2744140625,83392
2025-02-25,117680.KS,9890.0,9990.0,9720.0,9720.0,9215.943359375,30323
2025-02-26,117680.KS,9720.0,9995.0,9720.0,9885.0,9372.3857421875,55416
2025-02-27,117680.KS,9910.0,10010.0,9900.0,9960.0,9443.4970703125,32728
2025-02-28,117680.KS,9810.0,9905.0,9675.0,9700.0,9196.98046875,51458
2025-03-04,117680.KS,9645.0,10590.0,9600.0,9690.0,9187.4990234375,82522
2025-03-05,117680.KS,9735.0,9970.0,9645.0,9915.0,9400.830078125,68803
2025-03-06,117680.KS,10100.0,10465.0,10030.0,10365.0,9827.494140625,261344
2025-03-07,117680.KS,10275.0,11040.0,10275.0,10905.0,10339.4912109375,383414
2025-03-10,117680.KS,10920.0,11000.0,10660.0,10800.0,10239.9365234375,190555
2025-03-11,117680.KS,10530.0,10670.0,10450.0,10515.0,9969.7158203125,165538
2025-03-12,117680.KS,10590.0,10965.0,10445.0,10960.0,10391.638671875,366382
2025-03-13,117680.KS,10960.0,10995.0,10775.0,10910.0,10344.2314453125,186910
2025-03-14,117680.KS,10865.0,11015.0,10655.0,10655.0,10102.4560546875,105525
2025-03-17,117680.KS,10655.0,10780.0,10620.0,10665.0,10111.9365234375,90352
2025-03-18,117680.KS,10675.0,10845.0,10615.0,10650.0,10097.71484375,93816
2025-03-19,117680.KS,10620.0,10770.0,10620.0,10660.0,10107.197265625,80622
2025-03-20,117680.KS,10710.0,11035.0,10710.0,10900.0,10334.75,146015
2025-03-21,117680.KS,10870.0,10870.0,10605.0,10755.0,10197.26953125,98375
2025-03-24,117680.KS,10745.0,10745.0,10540.0,10605.0,10055.0478515625,91590
2025-03-25,117680.KS,10730.0,10825.0,10210.0,10225.0,9694.75390625,126550
2025-03-26,117680.KS,10335.0,10465.0,10305.0,10425.0,9884.3837890625,46397
2025-03-27,117680.KS,10425.0,10425.0,10195.0,10210.0,9680.53125,29675
2025-03-28,117680.KS,10210.0,10210.0,9800.0,9880.0,9367.6455078125,58912
2025-03-31,117680.KS,9720.0,9720.0,9525.0,9600.0,9102.1650390625,32791
2025-04-01,117680.KS,9730.0,9735.0,9485.0,9565.0,9068.98046875,56046
2025-04-02,117680.KS,9615.0,9630.0,9340.0,9375.0,8888.8330078125,24070
2025-04-03,117680.KS,9085.0,9330.0,9085.0,9285.0,8803.5009765625,39426
2025-04-04,117680.KS,9200.0,9395.0,9080.0,9260.0,8779.796875,64251
2025-04-07,117680.KS,8960.0,8960.0,8620.0,8620.0,8172.9873046875,67071
2025-04-08,117680.KS,8750.0,8800.0,8580.0,8585.0,8139.80224609375,31151
2025-04-09,117680.KS,8585.0,8730.0,8385.0,8445.0,8007.0615234375,30349
2025-04-10,117680.KS,8855.0,8950.0,8750.0,8950.0,8485.8720703125,46607
2025-04-11,117680.KS,8785.0,8890.0,8720.0,8890.0,8428.984375,29797
2025-04-14,117680.KS,8955.0,9015.0,8920.0,8945.0,8481.1328125,20594
2025-04-15,117680.KS,9015.0,9120.0,8975.0,9080.0,8609.130859375,48644
2025-04-16,117680.KS,9055.0,9115.0,8905.0,8905.0,8443.2080078125,37670
2025-04-17,117680.KS,8970.0,8985.0,8870.0,8980.0,8514.318359375,16112
2025-04-18,117680.KS,9010.0,9010.0,8870.0,8975.0,8509.5771484375,12600
2025-04-21,117680.KS,8985.0,8990.0,8875.0,8945.0,8481.1328125,116736
2025-04-22,117680.KS,8915.0,9025.0,8915.0,9000.0,8533.2802734375,15810
2025-04-23,117680.KS,9110.0,9235.0,9065.0,9215.0,8737.1298828125,24967
2025-04-24,117680.KS,9195.0,9245.0,9120.0,9240.0,8760.833984375,22231
2025-04-25,117680.KS,9260.0,9360.0,9225.0,9285.0,8803.5009765625,39142
2025-04-28,117680.KS,9290.0,9435.0,9290.0,9385.0,8898.3154296875,34368
2025-04-29,117680.KS,9150.0,9150.0,9015.0,9085.0,8928.7822265625,15305
2025-04-30,117680.KS,9025.0,9090.0,8945.0,9090.0,8933.6962890625,41409
2025-05-02,117680.KS,9075.0,9075.0,8915.0,9010.0,8855.0712890625,36810
2025-05-07,117680.KS,9090.0,9180.0,8980.0,9060.0,8904.2119140625,38819
2025-05-08,117680.KS,9125.0,9140.0,9035.0,9125.0,8968.0947265625,36367
2025-05-09,117680.KS,9150.0,9220.0,9120.0,9120.0,8963.1796875,30388
2025-05-12,117680.KS,9175.0,9310.0,9155.0,9300.0,9140.0849609375,30413
2025-05-13,117680.KS,9270.0,9270.0,9100.0,9165.0,9007.40625,42093
2025-05-14,117680.KS,9170.0,9170.0,8995.0,9135.0,8977.9208984375,38841
2025-05-15,117680.KS,9105.0,9115.0,9020.0,9080.0,8923.8671875,77994
2025-05-16,117680.KS,9080.0,9080.0,8915.0,8955.0,8801.0166015625,24440
2025-05-19,117680.KS,8875.0,8895.0,8750.0,8790.0,8638.8544921875,36276
2025-05-20,117680.KS,8795.0,8875.0,8745.0,8820.0,8668.3388671875,68810
2025-05-21,117680.KS,8770.0,8910.0,8770.0,8815.0,8663.423828125,19878
2025-05-22,117680.KS,8745.0,8750.0,8625.0,8710.0,8560.23046875,30787
2025-05-23,117680.KS,8685.0,8710.0,8595.0,8710.0,8560.23046875,52490
2025-05-26,117680.KS,8680.0,8915.0,8675.0,8915.0,8761.7060546875,48676
2025-05-27,117680.KS,8915.0,9070.0,8890.0,8945.0,8791.189453125,72847
2025-05-28,117680.KS,9015.0,9290.0,8970.0,9230.0,9071.2890625,118684
2025-05-29,117680.KS,9325.0,9440.0,9265.0,9370.0,9208.880859375,77174
2025-05-30,117680.KS,9370.0,9485.0,9325.0,9390.0,9228.5380859375,65801
2025-06-02,117680.KS,9200.0,9285.0,9065.0,9180.0,9022.1484375,102089
2025-06-04,117680.KS,9230.0,9385.0,9150.0,9370.0,9208.880859375,50988
2025-06-05,117680.KS,9375.0,9565.0,9375.0,9475.0,9312.076171875,86027
2025-06-09,117680.KS,9580.0,9675.0,9560.0,9625.0,9459.49609375,72065
2025-06-10,117680.KS,9640.0,10005.0,9640.0,10000.0,9828.0478515625,148198
2025-06-11,117680.KS,10320.0,10320.0,10060.0,10200.0,10024.6083984375,269058
2025-06-12,117680.KS,10145.0,10270.0,10075.0,10200.0,10024.6083984375,65481
2025-06-13,117680.KS,10200.0,10535.0,10200.0,10415.0,10235.912109375,115581
2025-06-16,117680.KS,10390.0,10490.0,10245.0,10410.0,10230.998046875,112354
2025-06-17,117680.KS,10330.0,10485.0,10215.0,10365.0,10186.7724609375,86177
2025-06-18,117680.KS,10365.0,10435.0,10285.0,10390.0,10211.341796875,91948
2025-06-19,117680.KS,10400.0,10820.0,10385.0,10820.0,10633.9482421875,216679
2025-06-20,117680.KS,10820.0,10895.0,10675.0,10805.0,10619.205078125,49721
2025-06-23,117680.KS,10805.0,11000.0,10800.0,10895.0,10707.658203125,66259
2025-06-24,117680.KS,10785.0,10920.0,10675.0,10875.0,10688.0029296875,143414
2025-06-25,117680.KS,11000.0,11190.0,10875.0,11150.0,10958.2734375,93188
2025-06-26,117680.KS,11055.0,11150.0,10885.0,11150.0,10958.2734375,91072
2025-06-27,117680.KS,11095.0,11225.0,11055.0,11155.0,10963.1875,79320
2025-06-30,117680.KS,11040.0,11075.0,10885.0,10975.0,10786.283203125,78339
2025-07-01,117680.KS,10940.0,11325.0,10940.0,11120.0,10928.791015625,118295
2025-07-02,117680.KS,11065.0,11180.0,10805.0,11180.0,10987.7578125,87609
2025-07-03,117680.KS,11270.0,11940.0,11270.0,11940.0,11734.6904296875,519700
2025-07-04,117680.KS,11760.0,11865.0,11585.0,11725.0,11523.38671875,181641
2025-07-07,117680.KS,11780.0,12055.0,11600.0,11955.0,11749.4326171875,191896
2025-07-08,117680.KS,11800.0,11925.0,11715.0,11920.0,11715.0341796875,283794
2025-07-09,117680.KS,12005.0,12045.0,11860.0,11965.0,11759.2587890625,148561
2025-07-10,117680.KS,12080.0,12220.0,11910.0,12050.0,11842.7978515625,272828
2025-07-11,117680.KS,12150.0,12450.0,12120.0,12295.0,12083.5849609375,254605
2025-07-14,117680.KS,12300.0,12300.0,12100.0,12275.0,12063.9287109375,148316
2025-07-15,117680.KS,12270.0,12615.0,12200.0,12585.0,12368.5986328125,192767
2025-07-16,117680.KS,12585.0,12770.0,12480.0,12600.0,12383.3408203125,216504
2025-07-17,117680.KS,12675.0,12675.0,12390.0,12640.0,12422.6533203125,143118
2025-07-18,117680.KS,12640.0,12700.0,12500.0,12595.0,12378.4267578125,110926
2025-07-21,117680.KS,12505.0,13025.0,12505.0,12885.0,12663.439453125,187321
2025-07-22,117680.KS,13015.0,13035.0,12630.0,12820.0,12599.5576171875,176219
2025-07-23,117680.KS,12950.0,13165.0,12900.0,13090.0,12864.9150390625,281952
2025-07-24,117680.KS,13100.0,13155.0,12850.0,12985.0,12761.720703125,474438
2025-07-25,117680.KS,12985.0,13095.0,12930.0,13070.0,12845.2587890625,143085
2025-07-28,117680.KS,12940.0,13110.0,12805.0,12970.0,12746.9775390625,360229
2025-07-29,117680.KS,12680.0,13005.0,12550.0,13005.0,12781.3759765625,157109
2025-07-30,117680.KS,12965.0,13065.0,12680.0,12740.0,12520.9326171875,109945
2025-07-31,117680.KS,12625.0,12795.0,12500.0,12610.0,12393.1689453125,170926
2025-08-01,117680.KS,12365.0,12405.0,11600.0,11665.0,11464.41796875,471660
2025-08-04,117680.KS,11555.0,11615.0,11400.0,11515.0,11316.998046875,124761
2025-08-05,117680.KS,11600.0,11700.0,11485.0,11650.0,11449.6767578125,164157
2025-08-06,117680.KS,11615.0,11725.0,11510.0,11705.0,11503.73046875,136752
2025-08-07,117680.KS,11685.0,11720.0,11510.0,11695.0,11493.90234375,84649
2025-08-08,117680.KS,11600.0,11650.0,11375.0,11445.0,11248.201171875,61169
2025-08-11,117680.KS,11445.0,11595.0,11425.0,11585.0,11385.7939453125,74064
2025-08-12,117680.KS,11515.0,11650.0,11465.0,11490.0,11292.427734375,94180
2025-08-13,117680.KS,11515.0,11610.0,11400.0,11605.0,11405.4501953125,229605
2025-08-14,117680.KS,11550.0,11650.0,11505.0,11620.0,11420.1923828125,154091
2025-08-18,117680.KS,11560.0,11580.0,11330.0,11380.0,11184.3193359375,80211
2025-08-19,117680.KS,11330.0,11375.0,11100.0,11210.0,11017.2431640625,82921
2025-08-20,117680.KS,11060.0,11160.0,10850.0,11135.0,10943.5322265625,83935
2025-08-21,117680.KS,11085.0,11315.0,11085.0,11235.0,11041.8125,40962
2025-08-22,117680.KS,11255.0,11400.0,11190.0,11190.0,10997.5869140625,36659
2025-08-25,117680.KS,11280.0,11360.0,11230.0,11360.0,11164.6630859375,51442
2025-08-26,117680.KS,11355.0,11385.0,11200.0,11265.0,11071.296875,37542
2025-08-27,117680.KS,11335.0,11335.0,11070.0,11135.0,10943.5322265625,24163
2025-08-28,117680.KS,11135.0,11135.0,11035.0,11090.0,10899.3056640625,31200
2025-08-29,117680.KS,11100.0,11145.0,10970.0,11030.0,10840.337890625,45382
2025-09-01,117680.KS,11035.0,11045.0,10845.0,10860.0,10673.2607421875,110079
2025-09-02,117680.KS,10865.0,10940.0,10800.0,10865.0,10678.173828125,23911
2025-09-03,117680.KS,10930.0,11170.0,10890.0,11120.0,10928.791015625,49412
2025-09-04,117680.KS,11130.0,11280.0,11130.0,11175.0,10982.8447265625,42177
2025-09-05,117680.KS,11175.0,11260.0,11140.0,11255.0,11061.4677734375,22636
2025-09-08,117680.KS,11220.0,11377.0,11210.0,11375.0,11179.404296875,39136
2025-09-09,117680.KS,11380.0,11575.0,11370.0,11460.0,11262.943359375,41200
2025-09-10,117680.KS,11465.0,11665.0,11465.0,11640.0,11439.8486328125,88610
2025-09-11,117680.KS,11640.0,11655.0,11535.0,11575.0,11375.9658203125,62896
2025-09-12,117680.KS,11625.0,12090.0,11580.0,12050.0,11842.7978515625,138650
2025-09-15,117680.KS,12180.0,12345.0,12075.0,12135.0,11926.3359375,236167
2025-09-16,117680.KS,12145.0,12280.0,12035.0,12035.0,11828.056640625,82107
2025-09-17,117680.KS,12060.0,12150.0,11985.0,11985.0,11778.916015625,75834
2025-09-18,117680.KS,11995.0,12050.0,11775.0,11840.0,11636.4091796875,68876
2025-09-19,117680.KS,11905.0,11915.0,11775.0,11810.0,11606.9248046875,39824
2025-09-22,117680.KS,11810.0,11810.0,11580.0,11645.0,11444.76171875,95186
2025-09-23,117680.KS,11645.0,11695.0,11535.0,11595.0,11395.623046875,56555
2025-09-24,117680.KS,11630.0,11645.0,11500.0,11500.0,11302.2548828125,35353
2025-09-25,117680.KS,11610.0,11660.0,11555.0,11615.0,11415.2783203125,42845
2025-09-26,117680.KS,11555.0,11555.0,11290.0,11310.0,11115.5224609375,50145
2025-09-29,117680.KS,11400.0,11430.0,11290.0,11290.0,11095.8671875,23663
2025-09-30,117680.KS,11325.0,11385.0,11265.0,11320.0,11125.3505859375,30301
2025-10-01,117680.KS,11310.0,11375.0,11215.0,11365.0,11169.5771484375,286701
2025-10-02,117680.KS,11325.0,11465.0,11225.0,11380.0,11184.3193359375,57071
2025-10-10,117680.KS,11175.0,11230.0,10995.0,11165.0,10973.015625,108046
2025-10-13,117680.KS,11320.0,12035.0,11165.0,11810.0,11606.9248046875,311660
2025-10-14,117680.KS,11900.0,12945.0,11900.0,12595.0,12378.4267578125,528796
2025-10-15,117680.KS,13000.0,13160.0,12330.0,12730.0,12511.1064453125,449819
2025-10-16,117680.KS,12620.0,12660.0,12350.0,12465.0,12250.662109375,316638
2025-10-17,117680.KS,12365.0,12415.0,12085.0,12230.0,12019.703125,108864
2025-10-20,117680.KS,12245.0,12365.0,12020.0,12230.0,12019.703125,54174
2025-10-21,117680.KS,12300.0,12415.0,12130.0,12170.0,11960.734375,102894
2025-10-22,117680.KS,12170.0,12340.0,12060.0,12340.0,12127.8125,68488
2025-10-23,117680.KS,12525.0,12525.0,12255.0,12290.0,12078.6708984375,90896
2025-10-24,117680.KS,12365.0,12520.0,12325.0,12520.0,12304.7158203125,62456
2025-10-27,117680.KS,12520.0,12520.0,12170.0,12255.0,12044.2724609375,120981
2025-10-28,117680.KS,12300.0,12300.0,12085.0,12135.0,11926.3359375,41686
2025-10-29,117680.KS,12260.0,12450.0,12260.0,12405.0,12191.693359375,88853
2025-10-30,117680.KS,12445.0,12480.0,11940.0,12055.0,11871.63671875,128540
2025-10-31,117680.KS,12000.0,12010.0,11665.0,11665.0,11487.5693359375,93773
2025-11-03,117680.KS,11790.0,11820.0,11650.0,11675.0,11497.4169921875,228135
2025-11-04,117680.KS,11700.0,11780.0,11520.0,11525.0,11349.6982421875,63260
2025-11-05,117680.KS,11525.0,11525.0,10950.0,11200.0,11029.6416015625,82956
2025-11-06,117680.KS,11410.0,11500.0,11110.0,11260.0,11088.7294921875,101146
2025-11-07,117680.KS,11090.0,11245.0,10970.0,11130.0,10960.70703125,55913
2025-11-10,117680.KS,11145.0,11425.0,11140.0,11405.0,11231.5244140625,53495
2025-11-11,117680.KS,11430.0,11510.0,11315.0,11345.0,11172.4365234375,74401
2025-11-12,117680.KS,11445.0,11905.0,11380.0,11815.0,11635.287109375,118618
2025-11-13,117680.KS,11885.0,12120.0,11800.0,12120.0,11935.6484375,68655
2025-11-14,117680.KS,11895.0,12080.0,11785.0,11800.0,11620.515625,101199
2025-11-17,117680.KS,11850.0,11885.0,11625.0,11730.0,11551.5810546875,44449
2025-11-18,117680.KS,11795.0,11795.0,11320.0,11320.0,11147.81640625,77815
2025-11-19,117680.KS,11430.0,11620.0,11345.0,11585.0,11408.7861328125,49967
2025-11-20,117680.KS,11635.0,11825.0,11565.0,11710.0,11531.8857421875,48055
2025-11-21,117680.KS,11390.0,11465.0,11250.0,11435.0,11261.068359375,57036
2025-11-24,117680.KS,11435.0,11435.0,11160.0,11165.0,10995.173828125,42125
2025-11-25,117680.KS,11290.0,11390.0,11190.0,11335.0,11162.58984375,60008
2025-11-26,117680.KS,11390.0,11670.0,11370.0,11655.0,11477.720703125,51642
2025-11-27,117680.KS,11680.0,12190.0,11675.0,12180.0,11994.7353515625,134979
2025-11-28,117680.KS,12065.0,12330.0,12005.0,12145.0,11960.267578125,67848
2025-12-01,117680.KS,12255.0,12335.0,12010.0,12165.0,11979.9638671875,84990
2025-12-02,117680.KS,12195.0,12250.0,12000.0,12150.0,11965.19140625,48927
2025-12-03,117680.KS,12190.0,12215.0,12030.0,12110.0,11925.7998046875,32995
2025-12-04,117680.KS,12100.0,12185.0,12010.0,12065.0,11881.4853515625,61134
2025-12-05,117680.KS,12060.0,12425.0,12060.0,12420.0,12231.0849609375,41956
2025-12-08,117680.KS,12545.0,12715.0,12455.0,12645.0,12452.6630859375,153673
2025-12-09,117680.KS,12645.0,12860.0,12590.0,12860.0,12664.392578125,75098
2025-12-10,117680.KS,12905.0,12945.0,12810.0,12810.0,12615.15234375,45516
2025-12-11,117680.KS,12960.0,13080.0,12800.0,12800.0,12605.3056640625,82110
2025-12-12,117680.KS,13035.0,13210.0,12900.0,13110.0,12910.5908203125,81101
2025-12-15,117680.KS,14110.0,14285.0,13210.0,13350.0,13146.939453125,434981
2025-12-16,117680.KS,13615.0,13655.0,12400.0,12400.0,12211.3896484375,554696
2025-12-17,117680.KS,12610.0,12815.0,12460.0,12645.0,12452.6630859375,176266
2025-12-18,117680.KS,12440.0,12450.0,12200.0,12200.0,12014.431640625,80372
2025-12-19,117680.KS,12220.0,12315.0,12060.0,12215.0,12029.203125,45378
2025-12-22,117680.KS,12380.0,12745.0,12375.0,12735.0,12541.2939453125,144732
2025-12-23,117680.KS,12850.0,12850.0,12475.0,12510.0,12319.7158203125,32564
2025-12-24,117680.KS,12575.0,12930.0,12510.0,12590.0,12398.5,81291
2025-12-26,117680.KS,12600.0,12630.0,12350.0,12415.0,12226.1611328125,35322
2025-12-29,117680.KS,12415.0,12890.0,12400.0,12820.0,12625.001953125,40357
2025-12-30,117680.KS,12635.0,12670.0,12470.0,12480.0,12290.1728515625,36239
2026-01-02,117680.KS,12645.0,12645.0,12350.0,12430.0,12240.9326171875,82112
2026-01-05,117680.KS,12420.0,12595.0,12420.0,12525.0,12334.48828125,37385
2026-01-06,117680.KS,12570.0,12680.0,12230.0,12255.0,12068.5947265625,63226
2026-01-07,117680.KS,12310.0,12485.0,12170.0,12345.0,12157.2265625,35146
2026-01-08,117680.KS,12345.0,12345.0,12065.0,12230.0,12043.9755859375,40399
2026-01-09,117680.KS,12295.0,12295.0,12035.0,12200.0,12014.431640625,76294
2026-01-12,117680.KS,12380.0,12760.0,12375.0,12680.0,12487.130859375,142796
2026-01-13,117680.KS,12880.0,13555.0,12680.0,13555.0,13348.822265625,307833
2026-01-14,117680.KS,13580.0,13580.0,13120.0,13325.0,13122.3203125,560809
2026-01-15,117680.KS,13595.0,14030.0,13440.0,14030.0,13816.5966796875,443809
2026-01-16,117680.KS,14205.0,14295.0,13930.0,14010.0,13796.900390625,302343
2026-01-19,117680.KS,14240.0,14435.0,13915.0,14265.0,14048.021484375,182075
2026-01-20,117680.KS,14175.0,14745.0,14175.0,14685.0,14461.6337890625,247869
2026-01-21,117680.KS,14495.0,14670.0,14310.0,14625.0,14402.5458984375,172701
2026-01-22,117680.KS,14615.0,14780.0,14405.0,14465.0,14244.98046875,561324
2026-01-23,117680.KS,14655.0,14975.0,14625.0,14875.0,14648.7431640625,181574
2026-01-26,117680.KS,14925.0,15710.0,14925.0,15450.0,15214.9970703125,286584
2026-01-27,117680.KS,15275.0,15405.0,15020.0,15355.0,15121.4423828125,163886
2026-01-28,117680.KS,15500.0,15590.0,15240.0,15515.0,15279.0087890625,103161
2026-01-29,117680.KS,15505.0,16125.0,15135.0,16010.0,15776.6484375,158198
2026-01-30,117680.KS,16180.0,16235.0,15620.0,15680.0,15451.4580078125,170269
2026-02-02,117680.KS,15030.0,15595.0,14545.0,14550.0,14337.9287109375,205960
2026-02-03,117680.KS,14950.0,15250.0,14860.0,15250.0,15027.7255859375,63556
2026-02-04,117680.KS,15500.0,15830.0,15405.0,15650.0,15421.8955078125,78076
2026-02-05,117680.KS,15410.0,15590.0,14925.0,15080.0,14860.2041015625,138068
2026-02-06,117680.KS,14590.0,14925.0,14110.0,14815.0,14599.0654296875,62298
2026-02-09,117680.KS,15205.0,15340.0,15105.0,15310.0,15086.8515625,53277
2026-02-10,117680.KS,15400.0,15400.0,15140.0,15240.0,15017.8720703125,51009
2026-02-11,117680.KS,15255.0,15535.0,15220.0,15335.0,15111.486328125,60602
2026-02-12,117680.KS,15450.0,15630.0,15340.0,15510.0,15283.9365234375,57649
2026-02-13,117680.KS,15330.0,15425.0,15070.0,15285.0,15062.2158203125,35543
2026-02-19,117680.KS,15570.0,15610.0,15415.0,15540.0,15313.4990234375,84835
2026-02-20,117680.KS,15750.0,16275.0,15740.0,16010.0,15776.6484375,182765
2026-02-23,117680.KS,16140.0,16160.0,15675.0,15770.0,15540.146484375,118189
2026-02-24,117680.KS,15875.0,16255.0,15865.0,16200.0,15963.87890625,238188
2026-02-25,117680.KS,16245.0,17105.0,16190.0,16895.0,16648.75,293373
2026-02-26,117680.KS,17050.0,17080.0,16645.0,16800.0,16555.1328125,186528
2026-02-27,117680.KS,16800.0,18365.0,16745.0,17370.0,17116.82421875,583499
2026-03-03,117680.KS,17690.0,17725.0,16585.0,16595.0,16353.12109375,323354
2026-03-04,117680.KS,16345.0,16355.0,14000.0,14030.0,13825.5078125,306967
2026-03-05,117680.KS,15115.0,15425.0,14900.0,15145.0,14924.255859375,135566
2026-03-06,117680.KS,15145.0,15740.0,14885.0,15670.0,15441.6044921875,310739
2026-03-09,117680.KS,14995.0,15155.0,14295.0,14785.0,14569.5029296875,100668
2026-03-10,117680.KS,15230.0,15310.0,14757.0,14970.0,14751.806640625,83961
2026-03-11,117680.KS,15205.0,15605.0,15090.0,15240.0,15017.8720703125,83753
2026-03-12,117680.KS,15240.0,15440.0,15170.0,15325.0,15101.6328125,69624
2026-03-13,117680.KS,15075.0,15330.0,14935.0,15100.0,14879.912109375,45209
2026-03-16,117680.KS,15025.0,15100.0,14635.0,14680.0,14466.0341796875,41506
2026-03-17,117680.KS,14925.0,15085.0,14880.0,15000.0,14781.369140625,36679
2026-03-18,117680.KS,15110.0,15300.0,15060.0,15300.0,15076.9970703125,59052
2026-03-19,117680.KS,15005.0,15005.0,14750.0,14775.0,14559.6494140625,47878
2026-03-20,117680.KS,14840.0,15090.0,14820.0,15050.0,14830.640625,133451
2026-03-23,117680.KS,14615.0,14615.0,14000.0,14020.0,13815.6533203125,92361
2026-03-24,117680.KS,14525.0,14700.0,14240.0,14690.0,14475.8876953125,72864
2026-03-25,117680.KS,14880.0,15025.0,14715.0,14995.0,14776.4423828125,43450
2026-03-26,117680.KS,15010.0,15085.0,14595.0,14625.0,14411.8349609375,43932
2026-03-27,117680.KS,14340.0,14455.0,13920.0,14420.0,14209.8232421875,38287
2026-03-30,117680.KS,14030.0,14370.0,13885.0,14360.0,14150.6982421875,22470
2026-03-31,117680.KS,14100.0,14290.0,13840.0,13885.0,13682.62109375,56138
2026-04-01,117680.KS,14430.0,14825.0,14260.0,14825.0,14608.9208984375,42460
2026-04-02,117680.KS,14875.0,15065.0,14075.0,14240.0,14032.4462890625,114866
2026-04-03,117680.KS,14850.0,14995.0,14575.0,14665.0,14451.2529296875,117257
2026-04-06,117680.KS,15135.0,15285.0,14705.0,14900.0,14682.8271484375,75758
2026-04-07,117680.KS,14900.0,15025.0,14635.0,14755.0,14539.9404296875,46414
2026-04-08,117680.KS,15150.0,15645.0,15100.0,15630.0,15402.1875,186305
2026-04-09,117680.KS,15640.0,15850.0,15520.0,15555.0,15328.2802734375,170078
2026-04-10,117680.KS,15905.0,15905.0,15630.0,15855.0,15623.9072265625,98835
2026-04-13,117680.KS,15750.0,15890.0,15610.0,15850.0,15618.98046875,59003
2026-04-14,117680.KS,16090.0,16195.0,15955.0,16000.0,15766.7939453125,98153
2026-04-15,117680.KS,16225.0,16340.0,15975.0,16135.0,15899.8271484375,76247
2026-04-16,117680.KS,16185.0,16290.0,16105.0,16220.0,15983.587890625,88265
2026-04-17,117680.KS,16380.0,16460.0,16135.0,16345.0,16106.765625,153897
2026-04-20,117680.KS,16450.0,16475.0,16285.0,16350.0,16111.693359375,51989
2026-04-21,117680.KS,16550.0,16795.0,16445.0,16750.0,16505.86328125,84985
2026-04-22,117680.KS,16770.0,16960.0,16615.0,16955.0,16707.875,77459
2026-04-23,117680.KS,16990.0,17000.0,16325.0,16800.0,16555.1328125,142173
2026-04-24,117680.KS,16830.0,16950.0,16540.0,16910.0,16663.529296875,82457
2026-04-27,117680.KS,17285.0,17285.0,16790.0,17285.0,17033.064453125,158272
2026-04-28,117680.KS,17580.0,18150.0,17495.0,18025.0,17762.279296875,471533
2026-04-29,117680.KS,18185.0,18205.0,17665.0,17980.0,17851.63671875,436164
2026-04-30,117680.KS,17980.0,17980.0,17220.0,17385.0,17260.884765625,322530
2026-05-04,117680.KS,17770.0,17945.0,17650.0,17765.0,17638.171875,194849
2026-05-06,117680.KS,17800.0,18030.0,17570.0,17975.0,17846.671875,170014
2026-05-07,117680.KS,18025.0,18080.0,17455.0,17830.0,17702.70703125,189695
2026-05-08,117680.KS,17765.0,17765.0,17355.0,17700.0,17573.63671875,90222
2026-05-11,117680.KS,17705.0,17820.0,17510.0,17560.0,17434.634765625,149184
2026-05-12,117680.KS,17695.0,18065.0,16600.0,17055.0,16933.240234375,258972
2026-05-13,117680.KS,16935.0,17295.0,16500.0,17075.0,16953.09765625,120313
2026-05-14,117680.KS,17300.0,17600.0,17125.0,17600.0,17474.349609375,202894
2026-05-15,117680.KS,17520.0,17975.0,16710.0,17010.0,16888.5625,187055
2026-05-18,117680.KS,16800.0,17070.0,16005.0,16980.0,16858.775390625,144351
2026-05-19,117680.KS,17005.0,17035.0,15750.0,16085.0,15970.166015625,121257
2026-05-20,117680.KS,16085.0,16085.0,14900.0,15085.0,14977.3046875,97242
2026-05-21,117680.KS,15475.0,16125.0,15475.0,15985.0,15870.8798828125,81737
2026-05-22,117680.KS,16205.0,16540.0,16150.0,16540.0,16421.91796875,65485
2026-05-26,117680.KS,17300.0,17300.0,16580.0,16615.0,16496.3828125,105127
2026-05-27,117680.KS,16610.0,16610.0,15570.0,15900.0,15786.486328125,90881
2026-05-28,117680.KS,16055.0,16090.0,15025.0,15520.0,15409.19921875,49252
2026-05-29,117680.KS,14830.0,15610.0,14830.0,15415.0,15304.94921875,82946
2026-06-01,117680.KS,15005.0,15410.0,14690.0,15035.0,14927.662109375,72203
2026-06-02,117680.KS,14680.0,14780.0,14300.0,14640.0,14535.482421875,61595
2026-06-04,117680.KS,14600.0,14810.0,14430.0,14585.0,14480.875,61638
2026-06-05,117680.KS,14755.0,14755.0,13690.0,14040.0,13939.765625,39281
2026-06-08,117680.KS,12780.0,13255.0,12730.0,13060.0,12966.76171875,56946
2026-06-09,117680.KS,14200.0,14200.0,12950.0,13345.0,13249.7275390625,27951
2026-06-10,117680.KS,13345.0,13560.0,12825.0,13305.0,13210.0126953125,70689
2026-06-11,117680.KS,12995.0,13225.0,12550.0,13225.0,13130.583984375,38296
2026-06-12,117680.KS,13680.0,14115.0,13540.0,13800.0,13701.478515625,93421
2026-06-15,117680.KS,14400.0,14400.0,13910.0,14100.0,13999.3369140625,93613
2026-06-16,117680.KS,14290.0,14290.0,14000.0,14165.0,14063.873046875,66829
2026-06-17,117680.KS,14310.0,14310.0,13780.0,13870.0,13770.9794921875,99929
2026-06-18,117680.KS,13745.0,13860.0,13205.0,13245.0,13150.44140625,92726
2026-06-19,117680.KS,13100.0,13175.0,12500.0,12725.0,12634.1533203125,92948
2026-06-22,117680.KS,12725.0,12730.0,12305.0,12400.0,12311.4736328125,50600
2026-06-23,117680.KS,12300.0,12420.0,11480.0,11530.0,11447.6845703125,87068
2026-06-24,117680.KS,11330.0,11820.0,11320.0,11750.0,11666.1142578125,122364
2026-06-25,117680.KS,11770.0,11845.0,11400.0,11430.0,11348.3984375,34531
2026-06-26,117680.KS,11325.0,11395.0,10605.0,10895.0,10817.21875,42968
2026-06-29,117680.KS,10905.0,11830.0,10700.0,11800.0,11715.7578125,89871
2026-06-30,117680.KS,11720.0,11795.0,11365.0,11435.0,11353.36328125,31137
2026-07-01,117680.KS,11595.0,11665.0,11310.0,11555.0,11472.5068359375,36933
2026-07-02,117680.KS,11320.0,11620.0,11005.0,11265.0,11184.5771484375,43725
2026-07-03,117680.KS,11325.0,11465.0,10905.0,11465.0,11383.1494140625,25938
2026-07-06,117680.KS,11470.0,11665.0,11185.0,11500.0,11417.8994140625,18103
2026-07-07,117680.KS,11415.0,11415.0,10910.0,11190.0,11110.1123046875,21754
2026-07-08,117680.KS,11145.0,11185.0,10570.0,10710.0,10633.5390625,19187
2026-07-09,117680.KS,10635.0,10855.0,10295.0,10530.0,10454.82421875,54436
2026-07-10,117680.KS,10585.0,11190.0,10585.0,10990.0,10911.5400390625,63553
2026-07-13,117680.KS,10990.0,11340.0,10685.0,10775.0,10698.0751953125,46618
2026-07-14,117680.KS,10725.0,11100.0,10405.0,10555.0,10479.6455078125,105945
2026-07-15,117680.KS,10790.0,11000.0,10715.0,10840.0,10762.611328125,28774
2026-07-16,117680.KS,10680.0,10830.0,10500.0,10795.0,10717.9326171875,40891
2026-07-20,117680.KS,10535.0,10620.0,10195.0,10315.0,10241.359375,32522
2026-07-21,117680.KS,10315.0,10315.0,9985.0,10225.0,10152.001953125,57261
2026-07-22,117680.KS,10450.0,10735.0,10415.0,10485.0,10410.1455078125,8108
2026-07-23,117680.KS,10425.0,11200.0,10425.0,11130.0,11050.541015625,34724
2026-07-24,117680.KS,11000.0,11265.0,10900.0,11055.0,10976.076171875,75085
2026-07-27,117680.KS,11245.0,11245.0,10895.0,11010.0,10931.3974609375,45415
2026-07-28,117680.KS,10780.0,11120.0,10145.0,10255.0,10181.787109375,105922
2026-07-29,117680.KS,10290.0,10415.0,9460.0,9805.0,9735.0,81699
2026-07-30,117680.KS,9750.0,10320.0,9465.0,10070.0,10070.0,91637
2026-07-31,117680.KS,10165.0,10730.0,10165.0,10700.0,10700.0,38175
2026-08-03,117680.KS,10430.0,10885.0,10380.0,10625.0,10625.0,28521
2026-08-04,117680.KS,10490.0,11070.0,10490.0,11040.0,11040.0,43455
2026-08-05,117680.KS,11150.0,11597.0,11150.0,11575.0,11575.0,37117
2026-08-06,117680.KS,11585.0,12085.0,11570.0,11925.0,11925.0,365977
2026-08-07,117680.KS,11930.0,12050.0,11640.0,11985.0,11985.0,110340
2026-08-10,117680.KS,12055.0,12500.0,12050.0,12475.0,12475.0,115278
2026-08-11,117680.KS,12565.0,12585.0,12025.0,12310.0,12310.0,66139
2026-08-12,117680.KS,12310.0,12310.0,12020.0,12225.0,12225.0,63447
2026-08-13,117680.KS,12275.0,12400.0,12085.0,12300.0,12300.0,79807
2026-08-14,117680.KS,12300.0,12390.0,12100.0,12365.0,12365.0,73254
2026-08-18,117680.KS,12380.0,12425.0,11975.0,12110.0,12110.0,52156
2026-08-19,117680.KS,11775.0,11930.0,11505.0,11850.0,11850.0,62020
2026-08-20,117680.KS,12085.0,12435.0,11990.0,12070.0,12070.0,40281
2026-08-21,117680.KS,11850.0,11955.0,11635.0,11720.0,11720.0,31258
2026-08-24,117680.KS,11750.0,12395.0,11750.0,12380.0,12380.0,116414
2026-08-25,117680.KS,12190.0,13000.0,12165.0,13000.0,13000.0,240288
2026-08-26,117680.KS,12885.0,12950.0,12575.0,12725.0,12725.0,88352
2026-08-27,117680.KS,12725.0,13400.0,12670.0,12995.0,12995.0,86695
2026-08-28,117680.KS,12920.0,13080.0,12790.0,13040.0,13040.0,39069
2026-08-31,117680.KS,12865.0,12865.0,12455.0,12740.0,12740.0,31328
2026-09-01,117680.KS,12740.0,12930.0,12630.0,12765.0,12765.0,59927
2026-09-02,117680.KS,12440.0,12445.0,12230.0,12310.0,12310.0,78720
2026-09-03,117680.KS,12560.0,12790.0,12250.0,12680.0,12680.0,123135
2026-09-04,117680.KS,12680.0,12800.0,12585.0,12695.0,12695.0,27373
